{
  "accuracy": 0.6195652173913043,
  "cohen_kappa": 0.4223632429280981,
  "classification_report": {
    "negative": {
      "precision": 0.9558011049723757,
      "recall": 0.8439024390243902,
      "f1-score": 0.8963730569948186,
      "support": 205.0
    },
    "neutral": {
      "precision": 0.0,
      "recall": 0.0,
      "f1-score": 0.0,
      "support": 0.0
    },
    "positive": {
      "precision": 0.9821428571428571,
      "recall": 0.3374233128834356,
      "f1-score": 0.502283105022831,
      "support": 163.0
    },
    "accuracy": 0.6195652173913043,
    "macro avg": {
      "precision": 0.6459813207050776,
      "recall": 0.39377525063594193,
      "f1-score": 0.4662187206725499,
      "support": 368.0
    },
    "weighted avg": {
      "precision": 0.9674687832435399,
      "recall": 0.6195652173913043,
      "f1-score": 0.7218169097898349,
      "support": 368.0
    }
  },
  "n_samples": 368,
  "n_unknown": 0
}