{
  "accuracy": 0.6378269617706237,
  "cohen_kappa": 0.4571206641260286,
  "classification_report": {
    "negative": {
      "precision": 0.5444839857651246,
      "recall": 0.9272727272727272,
      "f1-score": 0.6860986547085202,
      "support": 165.0
    },
    "neutral": {
      "precision": 0.5507246376811594,
      "recall": 0.2289156626506024,
      "f1-score": 0.32340425531914896,
      "support": 166.0
    },
    "positive": {
      "precision": 0.8571428571428571,
      "recall": 0.7590361445783133,
      "f1-score": 0.805111821086262,
      "support": 166.0
    },
    "accuracy": 0.6378269617706237,
    "macro avg": {
      "precision": 0.650783826863047,
      "recall": 0.6384081781672143,
      "f1-score": 0.604871577037977,
      "support": 497.0
    },
    "weighted avg": {
      "precision": 0.6509977098431233,
      "recall": 0.6378269617706237,
      "f1-score": 0.6047081422740525,
      "support": 497.0
    }
  },
  "n_samples": 497,
  "n_unknown": 0
}