{
  "accuracy": 0.6191446028513238,
  "cohen_kappa": 0.4294954641481298,
  "classification_report": {
    "negative": {
      "precision": 0.5166666666666667,
      "recall": 0.9567901234567902,
      "f1-score": 0.670995670995671,
      "support": 162.0
    },
    "neutral": {
      "precision": 0.509090909090909,
      "recall": 0.17177914110429449,
      "f1-score": 0.25688073394495414,
      "support": 163.0
    },
    "positive": {
      "precision": 0.8897058823529411,
      "recall": 0.7289156626506024,
      "f1-score": 0.8013245033112583,
      "support": 166.0
    },
    "accuracy": 0.6191446028513238,
    "macro avg": {
      "precision": 0.6384878193701723,
      "recall": 0.6191616424038957,
      "f1-score": 0.5764003027506278,
      "support": 491.0
    },
    "weighted avg": {
      "precision": 0.6402708648725182,
      "recall": 0.6191446028513238,
      "f1-score": 0.5775819264439819,
      "support": 491.0
    }
  },
  "n_samples": 491,
  "n_unknown": 0
}