{
  "accuracy": 0.49190283400809715,
  "cohen_kappa": 0.2390018166642116,
  "classification_report": {
    "negative": {
      "precision": 0.5244444444444445,
      "recall": 0.7195121951219512,
      "f1-score": 0.6066838046272494,
      "support": 164.0
    },
    "neutral": {
      "precision": 0.3832599118942731,
      "recall": 0.5304878048780488,
      "f1-score": 0.44501278772378516,
      "support": 164.0
    },
    "positive": {
      "precision": 0.9047619047619048,
      "recall": 0.2289156626506024,
      "f1-score": 0.36538461538461536,
      "support": 166.0
    },
    "accuracy": 0.49190283400809715,
    "macro avg": {
      "precision": 0.6041554203668741,
      "recall": 0.49297188755020077,
      "f1-score": 0.47236040257855,
      "support": 494.0
    },
    "weighted avg": {
      "precision": 0.6053724506680686,
      "recall": 0.49190283400809715,
      "f1-score": 0.4719273022255381,
      "support": 494.0
    }
  },
  "n_samples": 494,
  "n_unknown": 0
}