{
  "accuracy": 0.4777327935222672,
  "cohen_kappa": 0.2178747637399051,
  "classification_report": {
    "negative": {
      "precision": 0.5308641975308642,
      "recall": 0.7865853658536586,
      "f1-score": 0.6339066339066339,
      "support": 164.0
    },
    "neutral": {
      "precision": 0.3607305936073059,
      "recall": 0.4817073170731707,
      "f1-score": 0.412532637075718,
      "support": 164.0
    },
    "positive": {
      "precision": 0.875,
      "recall": 0.1686746987951807,
      "f1-score": 0.2828282828282828,
      "support": 166.0
    },
    "accuracy": 0.4777327935222672,
    "macro avg": {
      "precision": 0.58886493037939,
      "recall": 0.47898912724067005,
      "f1-score": 0.44308918460354496,
      "support": 494.0
    },
    "weighted avg": {
      "precision": 0.5900233719568014,
      "recall": 0.4777327935222672,
      "f1-score": 0.44244035504170176,
      "support": 494.0
    }
  },
  "n_samples": 494,
  "n_unknown": 0
}