{
  "accuracy": 0.6526104417670683,
  "cohen_kappa": 0.47891566265060237,
  "classification_report": {
    "negative": {
      "precision": 0.5856573705179283,
      "recall": 0.8855421686746988,
      "f1-score": 0.7050359712230215,
      "support": 166.0
    },
    "neutral": {
      "precision": 0.5470085470085471,
      "recall": 0.3855421686746988,
      "f1-score": 0.45229681978798586,
      "support": 166.0
    },
    "positive": {
      "precision": 0.8769230769230769,
      "recall": 0.6867469879518072,
      "f1-score": 0.7702702702702703,
      "support": 166.0
    },
    "accuracy": 0.6526104417670683,
    "macro avg": {
      "precision": 0.6698629981498508,
      "recall": 0.6526104417670683,
      "f1-score": 0.6425343537604259,
      "support": 498.0
    },
    "weighted avg": {
      "precision": 0.6698629981498508,
      "recall": 0.6526104417670683,
      "f1-score": 0.6425343537604258,
      "support": 498.0
    }
  },
  "n_samples": 498,
  "n_unknown": 0
}