{
  "accuracy": 0.6156941649899397,
  "cohen_kappa": 0.4234443803334448,
  "classification_report": {
    "negative": {
      "precision": 0.5488721804511278,
      "recall": 0.8795180722891566,
      "f1-score": 0.6759259259259259,
      "support": 166.0
    },
    "neutral": {
      "precision": 0.5376344086021505,
      "recall": 0.30120481927710846,
      "f1-score": 0.3861003861003861,
      "support": 166.0
    },
    "positive": {
      "precision": 0.7971014492753623,
      "recall": 0.6666666666666666,
      "f1-score": 0.7260726072607261,
      "support": 165.0
    },
    "accuracy": 0.6156941649899397,
    "macro avg": {
      "precision": 0.6278693461095469,
      "recall": 0.6157965194109772,
      "f1-score": 0.5960329730956794,
      "support": 497.0
    },
    "weighted avg": {
      "precision": 0.6275288388597163,
      "recall": 0.6156941649899397,
      "f1-score": 0.5957713239323694,
      "support": 497.0
    }
  },
  "n_samples": 497,
  "n_unknown": 0
}