{
  "accuracy": 0.6951219512195121,
  "cohen_kappa": 0.54240220242192,
  "classification_report": {
    "negative": {
      "precision": 0.6825396825396826,
      "recall": 0.7818181818181819,
      "f1-score": 0.7288135593220338,
      "support": 165.0
    },
    "neutral": {
      "precision": 0.6259541984732825,
      "recall": 0.5061728395061729,
      "f1-score": 0.5597269624573379,
      "support": 162.0
    },
    "positive": {
      "precision": 0.7616279069767442,
      "recall": 0.793939393939394,
      "f1-score": 0.7774480712166172,
      "support": 165.0
    },
    "accuracy": 0.6951219512195121,
    "macro avg": {
      "precision": 0.6900405959965697,
      "recall": 0.6939768050879161,
      "f1-score": 0.6886628643319964,
      "support": 492.0
    },
    "weighted avg": {
      "precision": 0.6904313667131752,
      "recall": 0.6951219512195121,
      "f1-score": 0.6894490588556222,
      "support": 492.0
    }
  },
  "n_samples": 492,
  "n_unknown": 0
}