{
  "accuracy": 0.607645875251509,
  "cohen_kappa": 0.41138064234002225,
  "classification_report": {
    "negative": {
      "precision": 0.5274725274725275,
      "recall": 0.8674698795180723,
      "f1-score": 0.6560364464692483,
      "support": 166.0
    },
    "neutral": {
      "precision": 0.5542168674698795,
      "recall": 0.27710843373493976,
      "f1-score": 0.36947791164658633,
      "support": 166.0
    },
    "positive": {
      "precision": 0.7943262411347518,
      "recall": 0.6787878787878788,
      "f1-score": 0.7320261437908496,
      "support": 165.0
    },
    "accuracy": 0.607645875251509,
    "macro avg": {
      "precision": 0.625338545359053,
      "recall": 0.6077887306802969,
      "f1-score": 0.5858468339688948,
      "support": 497.0
    },
    "weighted avg": {
      "precision": 0.6249985298745947,
      "recall": 0.607645875251509,
      "f1-score": 0.585552710609092,
      "support": 497.0
    }
  },
  "n_samples": 497,
  "n_unknown": 0
}